core_index,vocab_ko_index,sent_ko_index,new_opt_voc_index,opt_voc_index,opt_sen_index,jlpt,vocab_expression,vocab_kana,vocab_meaning,vocab_sound_local,vocab_pos,sentence_expression,sentence_kana,sentence_meaning,sentence_sound_local,sentence_image_local,vocab_furigana,sentence_furigana,sentence_cloze
53,1,2,2,1,1,JLPT4,一つ,ひとつ,one (thing),[sound:bdc5f88b912f85251908f1cfa5efc115.mp3],Noun,それを一つください。,それ を ひとつ ください,Please give me one of those.,[sound:883f02075c189378649e6a6dd0cc8b56.mp3],"<img src=""5bc1eb1402a031d217529ad457f9f254.jpg"" />",一[ひと]つ,それを 一[ひと]つください。,それを（　）ください。
294,2,3,5,4,2,JLPT4,二つ,ふたつ,two (things),[sound:dd64f3d4753f3227f10e0804732d1bef.mp3],Noun,ソフトクリームを二つください。,そふとくりーむ を ふたつ ください,Please give me two ice cream cones.,[sound:c9923552ab128a6f133c9667204965d9.mp3],"<img src=""ddb1df63551118f25aaa21c44babd4e7.jpg"" />",二[ふた]つ,ソフトクリームを 二[ふた]つください。,ソフトクリームを（　）ください。
397,16,17,29,28,3,JLPT2,円,えん,yen,[sound:91dbd62e022f5f1cf8a1daf1a9c9be70.mp3],Noun,カレーライスは700円です。,かれーらいす は ななひゃくえん です,The curry and rice is 700 yen.,[sound:4d622a5082224929662c3cbe0669a232.mp3],"<img src=""36d080a653bd0c40edf92694ccf33574.jpg"" />",円[えん],カレーライスは 700[ななひゃく] 円[えん]です。,カレーライスは 700[ななひゃく]（　）です。
342,24,25,49,48,4,JLPT2,金,かね,money,[sound:dcd1fb9489ccaf71922c4819bc6a1e4d.mp3],Noun,これはかなり金がかかった。,これ は かなり かね が かかった,This cost quite a bit of money.,[sound:1e25d6633f8901d93cfe7c9759e8dfb6.mp3],"<img src=""b11ce990d796fe1c98c5f0374c93df19.jpg"" />",金[かね],これはかなり 金[かね]がかかった。,これはかなり（　）がかかった。
6,0,0,8,15,5,JLPT4,これ,これ,"this, this one",[sound:2c7798cf0deb60adc96816f6a1ad2bb1.mp3],Noun,これをください。,これをください。,I'll have this please.,[sound:5ed01bf0c9bb4842ac2deadfa495f772.mp3],"<img src=""f64076a17c175e6954d0dd8fa1c8ea70.jpg"" />",これ,これをください。,（　）をください。
293,26,27,58,57,6,JLPT4,水曜日,すいようび,Wednesday,[sound:d319998cd10340e81b43417b74f2ee29.mp3],Noun,水曜日はバイトがあります。,すいようび は ばいと が あります,I have a part-time job on Wednesdays.,[sound:83a0e58d27c06208035abfda39ab1fec.mp3],"<img src=""c5be6b9b4889164a74b49896791f2e56.jpg"" />",水曜日[すいようび], 水曜日[すいようび]はバイトがあります。,（　）はバイトがあります。
275,0,31,261,271,7,JLPT4,あれ,あれ,that over there,[sound:c7ebca148c5293d1a0c7a004c182eba7.mp3],Noun,あれは何ですか。,あれ は なん です か,What's that?,[sound:da6575acfab0df719bc8a035ee57ea96.mp3],"<img src=""0673b34eac56f60825be718588d3b140.jpg"" />",あれ,あれは 何[なん]ですか。,（　）は 何[なん]ですか。
351,31,32,63,62,8,JLPT4,先,さき,"ahead, first",[sound:7943c7cd3e0e297df81b7bed1dd590c1.mp3],Noun,お先にどうぞ。,おさきに どうぞ,Please go ahead.,[sound:7bd68a0469698a101c6e78b9bdc1e1be.mp3],"<img src=""3070dc0d9931e962e57c8b84819f3305.jpg"" />",先[さき],お 先[さき]にどうぞ。,お（　）にどうぞ。
318,19,35,37,36,9,JLPT4,八日,ようか,"eight days, 8th of the month",[sound:d6b5bace52893db0a9142787001c8944.mp3],Noun,八日からイギリスに行きます。,ようか から いぎりす に いきます,I go to England on the eighth.,[sound:5c44500623a1465cf3fcbb281da60047.mp3],"<img src=""f5018f23a99b8b8981d009397c4dfd0c.jpg"" />",八日[ようか], 八日[ようか]からイギリスに 行[い]きます。,（　）からイギリスに 行[い]きます。
288,0,43,277,287,10,JLPT4,そば,そば,"side, vicinity",[sound:e2a81bfac83ecb63849bd140f82d61d7.mp3],Noun,そばにいて下さい。,そば に いて ください,Stay with me.,[sound:bcb2b116714c27bea6e9138321ecc195.mp3],"<img src=""e4945efac1a30e13d9f6851a714214ef.jpg"" />",そば,そばにいて 下[くだ]さい。,（　）にいて 下[くだ]さい。
289,0,43,285,295,11,JLPT3,こっち,こっち,here,[sound:5e18c5c21f324251d3d6fecd9bfa5e75.mp3],Pronoun,こっちに来て下さい。,こっち に きて ください,Please come here.,[sound:a94e77ccc8fd2786ea3ac100adf8ab59.mp3],"<img src=""1704aa6546a76a7fe122d30388da1429.jpg"" />",こっち,こっちに 来[き]て 下[くだ]さい。,（　）に 来[き]て 下[くだ]さい。
185,43,48,86,85,12,JLPT4,右,みぎ,right,[sound:f0f90b90e0146f9e10ef2781fa6ce698.mp3],Noun,右のポケットにハンカチが入っています。,みぎ の ぽけっと に はんかち が はいって います,There's a handkerchief in my right pocket.,[sound:a5dccbd77b0b424204e96f53d6c58c97.mp3],"<img src=""e81a5b8d1fea7a6930beed892c5636b5.jpg"" />",右[みぎ], 右[みぎ]のポケットにハンカチが 入[はい]っています。,（　）のポケットにハンカチが 入[はい]っています。
54,0,52,87,95,13,JLPT3,あげる,あげる,give,[sound:da9a172883e519f31a286925e6fb7052.mp3],Verb,この本、あなたにあげます。,この ほん あなた に あげます,I'll give you this book.,[sound:dd9138ba1b786d6ff0dd140e19324918.mp3],"<img src=""41bbffea7074a1688c13309c257678b7.jpg"" />",あげる,この 本[ほん]、あなたにあげます。,この 本[ほん]、あなたに（　）。
105,0,52,135,143,14,JLPT4,ここ,ここ,here,[sound:e445a8f0202ac296f4ac247cc79cff14.mp3],Pronoun,ここに本があります。,ここ に ほん が あります,There's a book here.,[sound:edc80c601a7ab0131cc4d0ddda420a5c.mp3],"<img src=""3124ede0033d1be8436026552a83b6b3.jpg"" />",ここ,ここに 本[ほん]があります。,（　）に 本[ほん]があります。
124,0,52,151,159,15,JLPT4,とても,とても,very,[sound:001811b50ecb6a9545818df3f859ae8a.mp3],Adverb,この本はとてもおもしろい。,この ほん は とても おもしろい,This book is very interesting.,[sound:8033321085dee8b196bf5e4d35d704d0.mp3],"<img src=""416e66bf9d0bdf90d1e919d9ae877b91.jpg"" />",とても,この 本[ほん]はとてもおもしろい。,この 本[ほん]は（　）おもしろい。
322,7,52,17,16,16,JLPT2,七,なな,seven,[sound:0c8f7397608f60ff2184171ee3555306.mp3],Noun,バナナが七本あります。,ばなな が ななほん あります,There are seven bananas.,[sound:2ab78fe7cb59f1c27bd95720dc5ff830.mp3],"<img src=""b8314fad9fe0f6bd9d51745f14036f7a.jpg"" />",七[なな],バナナが 七[なな] 本[ほん]あります。,バナナが（　） 本[ほん]あります。
363,59,60,107,106,17,JLPT4,手,て,hand,[sound:e48d48db5c0f14fccdba0501dddc667a.mp3],Noun,分かった人は手を上げてください。,わかった ひと は て を あげて ください,Please raise your hand if you understand.,[sound:3e0592cb331992dfc89bfb52f7d346ba.mp3],"<img src=""d40ef718bb090734a078ac6f6db25a71.jpg"" />",手[て],分[わ]かった 人[ひと]は 手[て]を 上[あ]げてください。,分[わ]かった 人[ひと]は（　）を 上[あ]げてください。
249,0,64,237,247,18,JLPT4,おなか,おなか,stomach,[sound:f8a6f1394ee3d6959c7687e4d6d4e4f6.mp3],Noun,おなかが空きました。,おなか が すきました,I'm hungry.,[sound:9cce208b8c1ab9ee8a6a24b775518c1c.mp3],"<img src=""b4060a92931abb3d967ec64069152938.jpg"" />",おなか,おなかが 空[す]きました。,（　）が 空[す]きました。
263,63,64,109,108,19,JLPT2,空く,すく,be empty,[sound:d3f3e2235f31aa2ed2488a70cfcdb589.mp3],Verb,レストランは空いていました。,れすとらん は すいて いました,The restaurant was empty.,[sound:ab8bb024f256929ba28af77e6813f722.mp3],"<img src=""1aa67caba518edde9b9eab3e5f69e185.jpg"" />",空[す]く,レストランは 空[す]いていました。,レストランは（　）。
359,19,64,42,41,20,JLPT4,一日,ついたち,1st of the month,[sound:531a62bfe0833e69b843e9486054c5fd.mp3],Noun,来月の一日は空いていますか。,らいげつ の ついたち は あいています か,Are you free on the 1st of next month?,[sound:5cca819d1be8931a5c0793d2f6b7d70d.mp3],"<img src=""feb168822384efc35b1c2caa16734dec.jpg"" />",一日[ついたち],来月[らいげつ]の 一日[ついたち]は 空[あ]いていますか。,来月[らいげつ]の（　）は 空[あ]いていますか。
212,26,65,50,49,21,JLPT4,日曜日,にちようび,Sunday,[sound:235f922e00b196de50d9480c2ec54eea.mp3],Noun,日曜日は海に行きました。,にちようび は うみ に いきました,We went to the seaside on Sunday.,[sound:ef8a4b84e0f70f4caf387d494b2f4b47.mp3],"<img src=""2c086e2972abef0ed1d14c1644184d8c.jpg"" />",日曜日[にちようび], 日曜日[にちようび]は 海[うみ]に 行[い]きました。,（　）は 海[うみ]に 行[い]きました。
367,7,74,18,17,22,JLPT4,七つ,ななつ,seven (things),[sound:7a5f2d9e6b436753e55857e09b60c3f1.mp3],Noun,この子は今年七つになります。,この こ は ことし ななつ に なります,Our kid's turning seven this year.,[sound:731639dd0d26815936b418a88823422c.mp3],"<img src=""967b0d96ccbf85a488e8af5f89f4a5b7.jpg"" />",七[なな]つ,この 子[こ]は 今年[ことし] 七[なな]つになります。,この 子[こ]は 今年[ことし]（　）になります。
160,0,76,190,199,23,JLPT4,どれ,どれ,"what, which",[sound:722241bb0f4ce21cbb388e276ae0a6f4.mp3],Noun,この中でどれが好きですか。,この なか で どれ が すき です か,Which of these do you like?,[sound:b3b2c52dd411c176af418032442fbb98.mp3],"<img src=""4b03adc5c663110090362c9c6b00674d.jpg"" />",どれ,この 中[なか]でどれが 好[す]きですか。,この 中[なか]で（　）が 好[す]きですか。
8,76,77,116,115,24,JLPT2,私,わたし,I,[sound:18e088c100ac5a67c9f387a082caf28f.mp3],Noun,私が行きましょう。,わたし が いきましょう,Why don't I go.,[sound:09d0613edfe3f2acf12f2de512855a3e.mp3],"<img src=""58ab6b30caa9fd22dc9673d0863aef46.jpg"" />",私[わたし], 私[わたし]が 行[い]きましょう。,（　）が 行[い]きましょう。
158,75,77,114,113,25,JLPT4,好き,すき,"favorite, liked",[sound:d7fc47445da76bf992a10e581da01ba9.mp3],Adjectival Noun,私はワインが好きです。,わたし は わいん が すき です,I like wine.,[sound:fe1250584407c2a9b5499098ec358022.mp3],"<img src=""cebcba12ca6047b5df67ab6707cf9cc7.jpg"" />",好[す]き,私[わたし]はワインが 好[す]きです。,私[わたし]はワインが（　）です。
233,0,77,222,231,26,JLPT2,ゲーム,ゲーム,game,[sound:0276e94fe38e28c9c6b98cd70c35c512.mp3],Noun,私たちはビデオゲームをした。,わたしたち は びでおげーむ を した,We played a video game.,[sound:8e39b7e99bbdafcdf6a0a50ecbf2f2d5.mp3],"<img src=""d7a889fdea7205b7b419ad7d07a8b37a.jpg"" />",ゲーム,私[わたし]たちはビデオゲームをした。,私[わたし]たちはビデオ（　）をした。
372,46,77,92,91,27,JLPT4,一人,ひとり,"one, one person",[sound:2cf6bccedfeb9ba33cb6138d156a9553.mp3],Noun,そこには私一人しかいなかった。,そこ に は わたし ひとり しか いなかった,I was the only one there.,[sound:23aa9fd233cc106d8d80f67caa8fea78.mp3],"<img src=""115f3a308f1377774b5e42049c594f49.jpg"" />",一人[ひとり],そこには 私[わたし] 一人[ひとり]しかいなかった。,そこには 私[わたし]（　）しかいなかった。
151,78,79,117,116,28,JLPT4,友達,ともだち,"friend, companion",[sound:f8b72b2dec134c8525c25824bf9e2ce4.mp3],Noun,私には友達がたくさんいます。,わたし に は ともだち が たくさん います,I have a lot of friends.,[sound:02bfd05a3da330d3e74635b8d48566f6.mp3],"<img src=""4e5ddcfbe818d61665dbf36266cd8612.jpg"" />",友達[ともだち],私[わたし]には 友達[ともだち]がたくさんいます。,私[わたし]には（　）がたくさんいます。
76,35,80,74,73,29,JLPT4,帰る,かえる,"return, go back",[sound:e484ea757416ce081cddaecf59f22f5c.mp3],Verb,家に帰ろう。,うち に かえろう,Let's go home.,[sound:5836ca64c9d6c53bbbd7c8e5fbd1c2ce.mp3],"<img src=""17b2ac64537e8ef2f9e1bab9c73680b6.jpg"" />",帰[かえ]る,家[うち]に 帰[かえ]ろう。,家[うち]に（　）。
191,83,84,121,120,30,JLPT4,元気,げんき,"healthy, energetic",[sound:70ce2d6aa1ce89e725717a1514023cf4.mp3],Adjective,おかげさまで元気です。,おかげさま で げんき です,"I'm fine, thank you.",[sound:0e50db26d57446ac7281c2347dd0623c.mp3],"<img src=""73b3533b3f63b385ad5e459af7210d67.jpg"" />",元気[げんき],おかげさまで 元気[げんき]です。,おかげさまで（　）です。
235,83,84,122,121,31,JLPT4,天気,てんき,weather,[sound:52ee0f2f4c97bd2a7230a4d47aada8e6.mp3],Noun,今日はいい天気ですね。,きょう は いい てんき です ね,It's nice out today.,[sound:8319c5d33a5855a70776baea91a3326c.mp3],"<img src=""4e7b86a77dd30dd05797dd54baaf198c.jpg"" />",天気[てんき],今日[きょう]はいい 天気[てんき]ですね。,今日[きょう]はいい（　）ですね。
29,39,85,77,76,32,JLPT2,少ない,すくない,"few, little",[sound:536e623dbdc3db5190ea8f88533637fb.mp3],Adjective,今年は雨が少ないです。,ことし は あめ が すくない です 。,There's not much rain this year.,[sound:7e3248c6e2695d16e013ad3f8a13e5f3.mp3],"<img src=""49d88d48069e9ca694a5486f64b8a7f4.jpg"" />",少[すく]ない,今年[ことし]は 雨[あめ]が 少[すく]ないです。,今年[ことし]は 雨[あめ]が（　）です。
259,87,89,123,122,33,JLPT4,晴れる,はれる,"be sunny, clear up",[sound:428d5f3e5f18b92b4654d8a258775362.mp3],Verb,明日は晴れるといいですね。,あした は はれる と いい です ね,I hope it'll be sunny tomorrow.,[sound:70e6e68a31d93c83156c0cb609cbfb9f.mp3],"<img src=""f60a6ec22e14f5aad7cb6c8a83fb96d4.jpg"" />",晴[は]れる,明日[あした]は 晴[は]れるといいですね。,明日[あした]は（　）といいですね。
332,41,96,84,83,34,JLPT4,上,うえ,"up, above",[sound:1d280ce35addf9331ef1e782596838c3.mp3],Noun,上を向いて。,うえ を むいて,Look up.,[sound:1b2e2b02de3181d01f18d01197c426e9.mp3],"<img src=""a872bb607628745abc1aeccc0099ebf4.jpg"" />",上[うえ], 上[うえ]を 向[む]いて。,（　）を 向[む]いて。
200,0,98,198,207,35,JLPT4,ドア,ドア,door,[sound:e9f4936c0bd6708b48587d400b0e5d0d.mp3],Noun,ドアを開けてください。,どあ を あけて ください,Please open the door.,[sound:db998f6c30a97401c09c48f84460d1db.mp3],"<img src=""3bde69dec678e4b0b88a7b82fa788a55.jpg"" />",ドア,ドアを 開[あ]けてください。,（　）を 開[あ]けてください。
273,97,98,126,125,36,JLPT3,開く,ひらく,open,[sound:1d975f13c1410eacae2e587bb101fd15.mp3],Verb,32ページを開いてください。,さんじゅうにぺーじ を ひらいて ください,Please open to page 32.,[sound:6e193813475da68736379dffeb2ac09f.mp3],"<img src=""e4908fc9007d30166376b12259b33f01.jpg"" />",開[ひら]く,32[さんじゅうに]ページを 開[ひら]いてください。,32[さんじゅうに]ページを（　）ください。
346,57,98,104,102,37,JLPT4,口,くち,mouth,[sound:c36f5d17b92e7cf3515d6467bbddbbc4.mp3],Noun,口を大きく開けてください。,くち を おおきく あけて ください,"Open wide, please.",[sound:759adc4147b5ca416a202ee74b7876b9.mp3],"<img src=""41662ab078e87a93fb79df03060b1f27.jpg"" />",口[くち], 口[くち]を 大[おお]きく 開[あ]けてください。,（　）を 大[おお]きく 開[あ]けてください。
251,98,99,129,128,38,JLPT4,閉める,しめる,"shut, close",[sound:be4a4ad6e54ca4755aefd6a38ef97909.mp3],Verb,ちゃんとドアを閉めてよ。,ちゃんと どあ を しめてよ,Close the door properly.,[sound:2c513cd87fd97e8b80989aae371c12e7.mp3],"<img src=""a04b70e28f4762532bea85855a7cc670.jpg"" />",閉[し]める,ちゃんとドアを 閉[し]めてよ。,ちゃんとドアを（　）よ。
18,100,101,132,131,39,JLPT4,時間,じかん,"time, hour",[sound:41e9126a0d1852dd6072f7a1b8d05558.mp3],Noun,今は時間がありません。,いま は じかん が ありません,I don't have time now.,[sound:fe6b580a409f268f0e4f9765cdd794ca.mp3],"<img src=""2b312f424b7e506c3f41af7bb1063da2.jpg"" />",時間[じかん],今[いま]は 時間[じかん]がありません。,今[いま]は（　）がありません。
298,19,107,34,33,40,JLPT4,六日,むいか,"six days, 6th of the month",[sound:a262afab21d12136e62dbfad28b6276f.mp3],Noun,六日前に日本に帰ってきました。,むいかまえ に にほん に かえって きました,I came back to Japan six days ago.,[sound:de16b621d3fd313205eb37e8023eb358.mp3],"<img src=""3ac6a6ec9e493005b975c74a81f5d656.jpg"" />",六日[むいか], 六日[むいか] 前[まえ]に 日本[にほん]に 帰[かえ]ってきました。,（　） 前[まえ]に 日本[にほん]に 帰[かえ]ってきました。
209,107,108,139,138,41,JLPT0,後ろ,うしろ,"back, behind",[sound:f11415ef824a3e1708c868e550501ee3.mp3],Noun,後ろを向いて。,うしろ を むいて,Turn around.,[sound:c2fa3c3e6404700a3f609963418e030e.mp3],"<img src=""3853ba3783a8b204923dd039125a3275.jpg"" />",後[うし]ろ, 後[うし]ろを 向[む]いて。,（　）を 向[む]いて。
364,19,108,43,42,42,JLPT4,十日,とおか,"ten days, 10th of the month",[sound:ddc8ef84405d82abedf15db40bab42ad.mp3],Noun,十日後に帰ります。,とおかご に かえります,I'll come home in ten days.,[sound:712c00e97292033484020cb8dae30b23.mp3],"<img src=""6f696308c1eb978c008db74edf549876.jpg"" />",十日[とおか], 十日[とおか] 後[ご]に 帰[かえ]ります。,（　） 後[ご]に 帰[かえ]ります。
60,108,109,141,140,43,JLPT4,午前,ごぜん,"morning, a.m.",[sound:83679c692082e984c6de37923471923d.mp3],Noun,午前9時のニュースです。,ごぜん くじ の にゅーす です,And now for the 9.00 a.m. news.,[sound:d73c2a291182679c330d8418dd20217e.mp3],"<img src=""56f385bf19ba9b961577273c7b488149.jpg"" />",午前[ごぜん], 午前[ごぜん] 9時[くじ]のニュースです。,（　） 9時[くじ]のニュースです。
295,113,114,146,145,44,JLPT4,今晩,こんばん,"this evening, tonight",[sound:0f3db67f6839f9c645271215e005558d.mp3],Noun,今晩のパーティーは何時からですか。,こんばん の ぱーてぃー は なんじ から です か,From what time is the party tonight?,[sound:ff8a883995759c3ded378f524f992290.mp3],"<img src=""0e7c646f3f6e56b0a8c0efaadba630f2.jpg"" />",今晩[こんばん], 今晩[こんばん]のパーティーは 何時[なんじ]からですか。,（　）のパーティーは 何時[なんじ]からですか。
239,26,115,51,50,45,JLPT4,土曜日,どようび,Saturday,[sound:75081f50746d664ed10f82c7d97558a6.mp3],Noun,土曜日の夜はクラブに行きます。,どようび の よる は くらぶ に いきます,I'm going to a club Saturday night.,[sound:09482cbbb46de7489c0d97f185cec900.mp3],"<img src=""c45b25ed53806b30a7d52c2ad2b3a773.jpg"" />",土曜日[どようび], 土曜日[どようび]の 夜[よる]はクラブに 行[い]きます。,（　）の 夜[よる]はクラブに 行[い]きます。
253,26,115,52,51,46,JLPT4,金曜日,きんようび,Friday,[sound:4b4273e1b921c1d07ab030db9b2b1415.mp3],Noun,金曜日の夜は友達と出かけます。,きんようび の よる は ともだち と でかけます,I go out with my friends on Friday nights.,[sound:105a6ee6542704559a7d1fdb57fae6b3.mp3],"<img src=""5cd21603d4363e133229102db2d8dad4.jpg"" />",金曜日[きんようび], 金曜日[きんようび]の 夜[よる]は 友達[ともだち]と 出[で]かけます。,（　）の 夜[よる]は 友達[ともだち]と 出[で]かけます。
360,20,115,46,45,47,JLPT2,月,つき,moon,[sound:15fc058861093fa912d14d3d54348449.mp3],Noun,今夜は月がとてもきれいです。,こんや は つき が とても きれい です,The moon looks so beautiful tonight.,[sound:ce382b52df1295a77a1795cb35acd36a.mp3],"<img src=""8334a77ad86c23abfff06c32f79d624e.jpg"" />",月[つき],今夜[こんや]は 月[つき]がとてもきれいです。,今夜[こんや]は（　）がとてもきれいです。
386,114,115,147,146,48,JLPT4,夜,よる,night (from sunset to sunrise),[sound:4437c6be518f2591700ca5ba4ac3da87.mp3],Noun,きのうの夜は家にいました。,きのう の よる は いえ に いました,I was at home last night.,[sound:3902ad980f28839ef26d4b8f0f74a8ff.mp3],"<img src=""d79b1eed427e258509f1e9991cc4deef.jpg"" />",夜[よる],きのうの 夜[よる]は 家[いえ]にいました。,きのうの（　）は 家[いえ]にいました。
109,116,117,148,147,49,JLPT4,食べる,たべる,eat,[sound:952b201f38a772ec7b108fd13a93402c.mp3],Verb,昨日タイカレーを食べました。,きのう たいかれー を たべました,I had Thai curry yesterday.,[sound:cfae6bf9f7d960c2e9055c8fe8cf6e6a.mp3],"<img src=""092d463d5ce184a0a4de6734c268ed99.jpg"" />",食[た]べる,昨日[きのう]タイカレーを 食[た]べました。,昨日[きのう]タイカレーを（　）。
368,30,117,62,61,50,JLPT4,何,なに,"what, which",[sound:7c8728fb710c430ad6fbb1983a18ddcc.mp3],Noun,夕食には何を食べたいですか。,ゆうしょく に は なに を たべたい です か,What would you like for supper?,[sound:aba3d6e76c8b694c97d61a9af15db815.mp3],"<img src=""fbb22a7feee0a5e36ebb8e5616708531.jpg"" />",何[なに],夕食[ゆうしょく]には 何[なに]を 食[た]べたいですか。,夕食[ゆうしょく]には（　）を 食[た]べたいですか。
238,113,119,145,144,51,JLPT4,晩,ばん,evening (usually from sunset to bedtime),[sound:569bf70884ecb47f3b9d9c014ad9b239.mp3],Noun,晩ご飯は食べましたか。,ばんごはん は たべました か,Have you had dinner?,[sound:7f7e1e9318fbaef765e8c39380d3a65f.mp3],"<img src=""0f19b0e55608d913b8f4df738f5ed96d.jpg"" />",晩[ばん], 晩[ばん]ご 飯[はん]は 食[た]べましたか。,（　）ご 飯[はん]は 食[た]べましたか。
265,118,119,150,149,52,JLPT0,ご飯,ごはん,"cooked rice, meal",[sound:8983df855c5999341a519a20ec59dbc2.mp3],Noun,私はパンよりご飯が好きだ。,わたし は ぱん より ごはん が すき だ,I prefer rice to bread.,[sound:b6d3a02654ee66435727737f0f6c9492.mp3],"<img src=""28b89aa81c5a9d79bed9e388a8053fb9.jpg"" />",ご 飯[はん],私[わたし]はパンよりご 飯[はん]が 好[す]きだ。,私[わたし]はパンより（　）が 好[す]きだ。
317,3,120,7,6,53,JLPT4,三つ,みっつ,three (things),[sound:7d9010a2f75543ff90c0713daff65e44.mp3],Noun,コップを三つ買いました。,こっぷ を みっつ かいました,I bought three glasses.,[sound:088e3e74f2324164c0575a99cd3557ff.mp3],"<img src=""e72e8d8f05868c9422d1b6ae897832d5.jpg"" />",三[みっ]つ,コップを 三[みっ]つ 買[か]いました。,コップを（　） 買[か]いました。
214,112,121,144,142,54,JLPT4,昼,ひる,"daytime, midday",[sound:5b1271dd417ec4564722a840e79c90e5.mp3],Noun,私は昼のドラマを毎日見ます。,わたし は ひる の どらま を まいにち みます,I watch daytime dramas every day.,[sound:dbfaccc6bdf91ea6fd491664789adc07.mp3],"<img src=""d3799e60fed96fa8de5ca5c5f57b4d5e.jpg"" />",昼[ひる],私[わたし]は 昼[ひる]のドラマを 毎日見[まいにち み]ます。,私[わたし]は（　）のドラマを 毎日見[まいにち み]ます。
400,120,121,157,156,55,JLPT3,見つかる,みつかる,"be found, be caught",[sound:75596ad21ac821f522b596e2d55f443f.mp3],Verb,メガネが見つかりません。,めがね が みつかりません,I can't find my glasses.,[sound:c7fc6516707a265323d132dde6ce0fb8.mp3],"<img src=""9d06e95ee60b8f3e99375eb8225d441a.jpg"" />",見[み]つかる,メガネが 見[み]つかりません。,メガネが（　）。
1,0,123,1,7,56,JLPT4,それ,それ,"that, that one",[sound:8b0ee07c0864e07d96871e87f158ad96.mp3],Pronoun,それはとってもいい話だ。,それ は とっても いい はなし だ,That's a really nice story.,[sound:c951babc6302fbe6ee96898170363a6e.mp3],"<img src=""fefcf8b5fc45942801a9a5c4645228a0.jpg"" />",それ,それはとってもいい 話[はなし]だ。,（　）はとってもいい 話[はなし]だ。
338,71,123,110,109,57,JLPT4,男,おとこ,"man, male",[sound:05afd54bff492d40b1d839494c3b87d9.mp3],Noun,男の人が私たちに話しかけた。,おとこ の ひと が わたしたち に はなしかけた,This guy began talking to us.,[sound:4f466b182e027fa0a7e6006a421c740e.mp3],"<img src=""5939875a9c237a998d5200c747ea621f.jpg"" />",男[おとこ], 男[おとこ]の 人[ひと]が 私[わたし]たちに 話[はな]しかけた。,（　）の 人[ひと]が 私[わたし]たちに 話[はな]しかけた。
272,32,125,69,68,58,JLPT4,今週,こんしゅう,this week,[sound:b38caf5b12f67e30e004dd2e475f0baa.mp3],Noun,今週は日本語のテストがあります。,こんしゅう は にほんご の てすと が あります,There's a Japanese test this week.,[sound:e08c58d8ccc4868aa0efc001ec3f68f3.mp3],"<img src=""b1a5d1a817d3402cb7298d2b06e0d6b0.jpg"" />",今週[こんしゅう], 今週[こんしゅう]は 日本語[にほんご]のテストがあります。,（　）は 日本語[にほんご]のテストがあります。
55,0,128,95,103,59,JLPT3,こう,こう,"like this, this kind of",[sound:6ecbfdc748dafcd4e9390e66a0b0c29b.mp3],Adverb,こう小さい字は読めない。,こう ちいさい じ は よめない,I can't read such small letters.,[sound:115f4b80b0d3fc4a4ff849b22285adf1.mp3],"<img src=""4d4c2715a191f4b45ee24f97735dfa35.jpg"" />",こう,こう 小[ちい]さい 字[じ]は 読[よ]めない。,（　） 小[ちい]さい 字[じ]は 読[よ]めない。
92,131,132,165,164,60,JLPT4,会う,あう,meet,[sound:1fd9a37cab31ed9633675007481a1071.mp3],Verb,また会いましょう。,また あいましょう,Let's meet again.,[sound:7437049481bba812a4c5c6a8395f7b55.mp3],"<img src=""7b9c1052f2692a9465f4a748eb7d53b5.jpg"" />",会[あ]う,また 会[あ]いましょう。,また（　）。
269,26,132,53,52,61,JLPT4,月曜日,げつようび,Monday,[sound:6eabf534b4d5b3a0ba5c0e025fbb71ec.mp3],Noun,月曜日に会いましょう。,げつようび に あいましょう,Let's meet on Monday.,[sound:752d4cfc283911f56a090a04658b3560.mp3],"<img src=""6f73d17fe6fb1e53a3fc353bcf11a0d7.jpg"" />",月曜日[げつようび], 月曜日[げつようび]に 会[あ]いましょう。,（　）に 会[あ]いましょう。
344,90,132,124,123,62,JLPT4,昨日,きのう,yesterday,[sound:f14c7b371b16874962f5662ce9214e3c.mp3],Noun,昨日、友達に会った。,きのう ともだち に あった,I met a friend yesterday.,[sound:701f87a8b639501146cf24096a70be0c.mp3],"<img src=""f976ae72d7524dbf7055b8563e8209fc.jpg"" />",昨日[きのう], 昨日[きのう]、 友達[ともだち]に 会[あ]った。,（　）、 友達[ともだち]に 会[あ]った。
399,52,134,100,99,63,JLPT4,休む,やすむ,"take a day off, take a break",[sound:0d7e6979ee2021e0895cc8e79bd2095e.mp3],Verb,明日、会社を休みます。,あした かいしゃ を やすみます,I'm off work tomorrow.,[sound:23d317c69bf2808d8418c213f2d8d2bf.mp3],"<img src=""f0dddfd3c126d0a5cc58ee72bd07c36b.jpg"" />",休[やす]む,明日[あした]、 会社[かいしゃ]を 休[やす]みます。,明日[あした]、 会社[かいしゃ]を（　）。
162,32,138,67,66,64,JLPT4,今日,きょう,today,[sound:d01dacb5b4d7d6b1a30f7cb4c077c2d0.mp3],Noun,今日は仕事がありません。,きょう は しごと が ありません,I have no work today.,[sound:09456961843a97a0151a1792ae903458.mp3],"<img src=""f5cd0090093566eb88dc90001a7b15a1.jpg"" />",今日[きょう], 今日[きょう]は 仕事[しごと]がありません。,（　）は 仕事[しごと]がありません。
286,26,138,54,53,65,JLPT4,木曜日,もくようび,Thursday,[sound:980c773deefeec93081570084612aa28.mp3],Noun,木曜日は仕事が休みです。,もくようび は しごと が やすみ です,Thursday is my day off work.,[sound:c41b1fa0706aa28455978aeac7c40107.mp3],"<img src=""4776c1c42314d6eb86f0612cf523e0c9.jpg"" />",木曜日[もくようび], 木曜日[もくようび]は 仕事[しごと]が 休[やす]みです。,（　）は 仕事[しごと]が 休[やす]みです。
398,140,141,168,166,66,JLPT3,場合,ばあい,"situation, case",[sound:b866f49ee1293d57c8db9033e2e2f078.mp3],Noun,分からない場合は私に聞いてください。,わからない ばあい は わたし に きいて ください,Please ask me if you don't understand.,[sound:84793b257a5cc527d1b3a7cb364e9798.mp3],"<img src=""6b065467f69426574de1c0c5d3de674e.jpg"" />",場合[ばあい],分[わ]からない 場合[ばあい]は 私[わたし]に 聞[き]いてください。,分[わ]からない（　）は 私[わたし]に 聞[き]いてください。
268,0,142,253,263,67,JLPT4,つける,つける,switch on,[sound:5c80df8dfeb2d12c26ef8653542d550d.mp3],Verb,電気をつけてください。,でんき を つけて ください,Please turn on the light.,[sound:b7417fd7db5d36b9b49ce8534a47769a.mp3],"<img src=""7168ef4f3c69100f3a85c9828d0804d5.jpg"" />",つける,電気[でんき]をつけてください。,電気[でんき]を（　）ください。
334,143,144,171,170,68,JLPT4,駅,えき,railway station,[sound:35cb9c96cc03ad5ed6e8cf7b38a62b85.mp3],Noun,駅はどこですか。,えき は どこ です か,Where's the station?,[sound:78de88070e17b513462f962a8a481c6d.mp3],"<img src=""c6362a3162452dc2ed723c57a851667d.jpg"" />",駅[えき], 駅[えき]はどこですか。,（　）はどこですか。
384,151,152,175,173,69,JLPT2,止める,やめる,"stop, give up, abolish",[sound:84a93d7f70cdf31da93ce1d784e73833.mp3],Verb,話すのを止めてください。,はなす の を やめて ください,"Stop talking, please.",[sound:ae9564d5805988ea4bd2989d7d476169.mp3],"<img src=""d3c6090b116c53a1bc3e9e39ec782015.jpg"" />",止[や]める,話[はな]すのを 止[や]めてください。,話[はな]すのを（　）ください。
90,152,153,176,174,70,JLPT4,歩く,あるく,"walk, go on foot",[sound:4d9e54adde5959f4de3306d3de7f14d1.mp3],Verb,駅まで歩きましょう。,えき まで あるきましょう,Let's walk to the station.,[sound:124468feb2625cb8eb5812f227010533.mp3],"<img src=""3dae0e858291f0ec64766527c01d06e4.jpg"" />",歩[ある]く,駅[えき]まで 歩[ある]きましょう。,駅[えき]まで（　）。
39,156,157,178,177,71,JLPT4,近く,ちかく,"near, close to",[sound:2a241864f47d82e55a0a247d159c4084.mp3],Adverb,駅の近くで食事をした。,えき の ちかく で しょくじ を した,I ate near the station.,[sound:98c5d93c46d354a3680e53c10295d102.mp3],"<img src=""b8a33a620b3689bdccc77066ce90b9bb.jpg"" />",近[ちか]く,駅[えき]の 近[ちか]くで 食事[しょくじ]をした。,駅[えき]の（　）で 食事[しょくじ]をした。
75,0,157,119,127,72,JLPT4,もっと,もっと,more,[sound:8132875e8cc22ece021d43a83fa73c52.mp3],Adverb,もっと近くに来てください。,もっと ちかく に きて ください,Please come closer.,[sound:0e215449439be2b46b7dd15f52fd6d4f.mp3],"<img src=""2e905c154487e2d081b585dc218981be.jpg"" />",もっと,もっと 近[ちか]くに 来[き]てください。,（　） 近[ちか]くに 来[き]てください。
84,156,157,179,178,73,JLPT4,近い,ちかい,"near, soon",[sound:ec8486020d8560eea8c2b278443920a1.mp3],Adjective,駅はここから近いです。,えき は ここ から ちかい です,The station is near here.,[sound:079181ae2f0421393e747a2138896570.mp3],"<img src=""8cf94e0f8767319d9ffb28e2cf1cfe23.jpg"" />",近[ちか]い,駅[えき]はここから 近[ちか]いです。,駅[えき]はここから（　）です。
228,156,157,180,179,74,JLPT4,近く,ちかく,"vicinity, nearby",[sound:6bd57b50bef3d9149691a98678a657fa.mp3],Noun,私の家は駅の近くです。,わたし の いえ は えき の ちかく です,My house is near the station.,[sound:081e029e957d87b72602bd23a394ba8c.mp3],"<img src=""144bbb64b9c4a45b0e6b2f6f9598cf86.jpg"" />",近[ちか]く,私[わたし]の 家[いえ]は 駅[えき]の 近[ちか]くです。,私[わたし]の 家[いえ]は 駅[えき]の（　）です。
193,162,163,186,185,75,JLPT4,全部,ぜんぶ,"all, wholly",[sound:dbc5d98a93e0d4011b23e3d627146cf9.mp3],Adverb,それ、全部ください。,それ ぜんぶ ください,"I'd like all of those, please.",[sound:0339d4402816869936bf57bb3a0971f4.mp3],"<img src=""185b806e32645fb2dc7ad26137373315.jpg"" />",全部[ぜんぶ],それ、 全部[ぜんぶ]ください。,それ、（　）ください。
25,163,164,187,186,76,JLPT4,国,くに,country,[sound:4cedf8d358714025a1323747b932eef5.mp3],Noun,私の国について少しお話しましょう。,わたし の くに に ついて すこし おはなし しましょう,Let me tell you a bit about my country.,[sound:e0b5adfba58d5915ab89c9fbbb2ff706.mp3],"<img src=""ddb1a2c802c7f1e4b6588e39adfb27e0.jpg"" />",国[くに],私[わたし]の 国[くに]について 少[すこ]しお 話[はなし]しましょう。,私[わたし]の（　）について 少[すこ]しお 話[はなし]しましょう。
168,128,164,162,161,77,JLPT4,漢字,かんじ,"character, kanji",[sound:d92b85d4602dabf8822fd8856014f35d.mp3],Noun,漢字は中国から来ました。,かんじ は ちゅうごく から きました,Kanji came from China.,[sound:3520fe12926b8fe216b758be6f51cf18.mp3],"<img src=""7d1864ca1b65fa630af3191843a89d48.jpg"" />",漢字[かんじ], 漢字[かんじ]は 中国[ちゅうごく]から 来[き]ました。,（　）は 中国[ちゅうごく]から 来[き]ました。
161,168,169,189,188,78,JLPT4,赤い,あかい,red,[sound:8beefe0641589671d8d1cd4f08abead1.mp3],Adjective,赤いバラを買いました。,あかい ばら を かいました,I bought a red rose.,[sound:6dc34ea49875b42882f0adb32106fdea.mp3],"<img src=""0d8130e367188d4894d837a532ad2e06.jpg"" />",赤[あか]い, 赤[あか]いバラを 買[か]いました。,（　）バラを 買[か]いました。
154,0,173,182,191,79,JLPT4,どちら,どちら,which,[sound:5fa945021473f46db2e320fd4ba1e9db.mp3],Noun,肉と魚とどちらが好きですか。,にく と さかな と どちら が すき です か,"Which do you prefer, meat or fish?",[sound:5c84dfeee45ad4f72e577062e05e4b8e.mp3],"<img src=""472db485248a1903a836563676c4d9f2.jpg"" />",どちら,肉[にく]と 魚[さかな]とどちらが 好[す]きですか。,肉[にく]と 魚[さかな]と（　）が 好[す]きですか。
203,176,177,192,190,80,JLPT3,米,こめ,rice (grain),[sound:ac85ae7f3a3e18ca2a2a4cac153cfa22.mp3],Noun,日本人はお米が大好きです。,にほんじん は おこめ が だいすき です,Japanese people love rice.,[sound:78bb9d49df426087db6acd772c031529.mp3],"<img src=""8951aa62e0e96795edadbe80c40bc773.jpg"" />",米[こめ],日本人[にほんじん]はお 米[こめ]が 大好[だいす]きです。,日本人[にほんじん]はお（　）が 大好[だいす]きです。
279,0,183,269,279,81,JLPT4,まずい,まずい,"bad-tasting, bad",[sound:9393f61b9af2b428204e7f3264cbd01a.mp3],Adjective,ここの料理はまずい。,ここ の りょうり は まずい,The food here is bad.,[sound:c1ac084c4aec542e1f3ed30fd861ab9a.mp3],"<img src=""a8dfbb5b78beb8b623d73b2909eddaae.jpg"" />",まずい,ここの 料理[りょうり]はまずい。,ここの 料理[りょうり]は（　）。
255,185,186,195,194,82,JLPT2,無い,ない,to not be,[sound:a67ef780f84bea265815b6db3d063cb8.mp3],Adjective,ここには何も無い。,ここ に は なに も ない,There's nothing here.,[sound:e62a85e3c34fa4679fdcb497f6dcb265.mp3],"<img src=""84d80b1d4d7b82da0ebacb768b04ccc4.jpg"" />",無[な]い,ここには 何[なに]も 無[な]い。,ここには 何[なに]も（　）。
21,186,187,196,195,83,JLPT4,作る,つくる,"make, create",[sound:6f0951279a64a81133b2c6acfb3d3020.mp3],Verb,今、朝ご飯を作っています。,いま あさごはん を つくって います,I'm making breakfast now.,[sound:1449095d14368d2e96c9f8c63a1a3be1.mp3],"<img src=""2b8f2c836e5e1b9e8bb06b180490233e.jpg"" />",作[つく]る,今[いま]、 朝[あさ]ご 飯[はん]を 作[つく]っています。,今[いま]、 朝[あさ]ご 飯[はん]を（　）。
14,187,188,197,196,84,JLPT4,使う,つかう,use,[sound:24e2301d6637661ec3beb7617f4d0ceb.mp3],Verb,このパソコンを使ってください。,この ぱそこん を つかって ください,Please use this computer.,[sound:1a0a0d00c9b413db81081b1637f4cd1d.mp3],"<img src=""a86308cee7ffb120f950dfe7eeb42fec.jpg"" />",使[つか]う,このパソコンを 使[つか]ってください。,このパソコンを（　）ください。
190,190,191,199,197,85,JLPT4,消す,けす,"switch off, turn off",[sound:7e2bbef1f4a79532184f6f0cfebe5771.mp3],Verb,昼間は電気を消してください。,ひるま は でんき を けして ください,Please turn the lights off during the day.,[sound:c8e245e242c960c2f8a9f4c42ab5c5be.mp3],"<img src=""9489ca5f9c408d12ff0143d3d5da33c7.jpg"" />",消[け]す,昼間[ひるま]は 電気[でんき]を 消[け]してください。,昼間[ひるま]は 電気[でんき]を（　）ください。
277,98,193,130,129,86,JLPT4,閉まる,しまる,"be shut, be closed",[sound:f955fc870590773a3141df79b0c55a58.mp3],Verb,お店はもう閉まっていました。,おみせ は もう しまって いました,The shop had already closed.,[sound:258c488a19a95eef91a5226142ff85ff.mp3],"<img src=""4789603ba967b5c599d860096699f78d.jpg"" />",閉[し]まる,お 店[みせ]はもう 閉[し]まっていました。,お 店[みせ]はもう（　）。
310,106,193,137,136,87,JLPT4,前,まえ,"front, before",[sound:9ae6c6a557b8eca134e4363b6604a6e8.mp3],Noun,その店の前で会いましょう。,その みせ の まえ で あいましょう,Let's meet in front of the shop.,[sound:10c2f16c755f14c04151fe218a15368b.mp3],"<img src=""233117ec1a436dd8956ec3cc7af210bf.jpg"" />",前[まえ],その 店[みせ]の 前[まえ]で 会[あ]いましょう。,その 店[みせ]の（　）で 会[あ]いましょう。
380,192,193,201,200,88,JLPT4,店,みせ,"shop, store",[sound:efde60dbfda4e4c04b454dc428cfdcda.mp3],Noun,私はこの店によく来ます。,わたし は この みせ に よく きます,I come to this store quite often.,[sound:9d5ac41454480ec9010872e405ee86fa.mp3],"<img src=""525c69494b1552a02a3c32af6eb51931.jpg"" />",店[みせ],私[わたし]はこの 店[みせ]によく 来[き]ます。,私[わたし]はこの（　）によく 来[き]ます。
93,175,197,191,189,89,JLPT4,部屋,へや,room,[sound:7ce56e56316fdcf13d1f351f6f65f801.mp3],Noun,私の部屋は2階にあります。,わたし の へや は にかい に あります,My room is on the second floor.,[sound:454c26ebd05b9d5a3de333650d02d818.mp3],"<img src=""30dd027995dfffa3915d9f02f1d3fe83.jpg"" />",部屋[へや],私[わたし]の 部屋[へや]は 2階[にかい]にあります。,私[わたし]の（　）は 2階[にかい]にあります。
366,202,203,203,202,90,JLPT4,夏,なつ,summer,[sound:b1ba7d5627b03fbf2107547aa9366418.mp3],Noun,私は夏が大好き。,わたし は なつ が だいすき,I just love summer.,[sound:a55a18f21876dc021f5f84c4a155d7f3.mp3],"<img src=""0dedae58ed14d47e82876297493fe739.jpg"" />",夏[なつ],私[わたし]は 夏[なつ]が 大好[だいす]き。,私[わたし]は（　）が 大好[だいす]き。
236,206,207,207,205,91,JLPT4,暑い,あつい,"hot, warm (temperature of the air)",[sound:81416b0d3d4565d886e1f4c711b9ad6a.mp3],Adjective,今日はとても暑い。,きょう は とても あつい,It's very hot today.,[sound:5d0235096eda3c80818517855fbfb736.mp3],"<img src=""13e3eb89db8053d81740c6dbabab84a1.jpg"" />",暑[あつ]い,今日[きょう]はとても 暑[あつ]い。,今日[きょう]はとても（　）。
223,207,208,208,206,92,JLPT4,熱い,あつい,"hot (things, touch)",[sound:0ae1f72187bad556207801095b716d8c.mp3],Adjective,このスープはとても熱い。,この すーぷ は とても あつい,This soup is very hot.,[sound:c4d71509bd9cdbf47cf2b3e3508e4a2c.mp3],"<img src=""f8446c2ffb547690343b43c2d44b3893.jpg"" />",熱[あつ]い,このスープはとても 熱[あつ]い。,このスープはとても（　）。
142,204,209,205,204,93,JLPT4,冬,ふゆ,winter,[sound:3ef65badba7b74433f3a1e30a4c5c1a2.mp3],Noun,カナダの冬はとても寒いです。,かなだ の ふゆ は とても さむい です,Canada's winters are very cold.,[sound:9eccbbe8c9c13295fab60ae65e9d0b11.mp3],"<img src=""77b8bbcda36b7fd6e417f75d45443fa1.jpg"" />",冬[ふゆ],カナダの 冬[ふゆ]はとても 寒[さむ]いです。,カナダの（　）はとても 寒[さむ]いです。
270,47,209,94,93,94,JLPT4,入る,はいる,enter,[sound:19c83de7721e52d4914020d59b5d3ee1.mp3],Verb,寒いので中に入ってください。,さむい の で なか に はいって ください,It's cold so please come inside.,[sound:438fb50f5e0d3adeb412e7b2b8045d9d.mp3],"<img src=""6f73d17fe6fb1e53a3fc353bcf11a0d7.jpg"" />",入[はい]る,寒[さむ]いので 中[なか]に 入[はい]ってください。,寒[さむ]いので 中[なか]に（　）ください。
352,208,209,209,208,95,JLPT4,寒い,さむい,cold (temperature of the air),[sound:3690dc90a608b6228d4833146f15b30e.mp3],Adjective,この部屋は寒いです。,この へや は さむい です,It's cold in this room.,[sound:cd4c24a6558e05c4bb138d3d139beb5b.mp3],"<img src=""027216c076df26a523d2112431af46d2.jpg"" />",寒[さむ]い,この 部屋[へや]は 寒[さむ]いです。,この 部屋[へや]は（　）です。
59,201,210,202,201,96,JLPT4,春,はる,spring,[sound:333b6ec4ef094f7cf2e93e29a5653b49.mp3],Noun,今年の春は暖かいね。,ことし の はる は あたたかい ね,"It's warm this spring, isn't it.",[sound:cdd89f26e77972587f40df2cc557d3ce.mp3],"<img src=""359f6dadf32f35b9d482b0a88cd110d6.jpg"" />",春[はる],今年[ことし]の 春[はる]は 暖[あたた]かいね。,今年[ことし]の（　）は 暖[あたた]かいね。
327,209,210,210,209,97,JLPT4,暖かい,あたたかい,warm,[sound:992c15c60963a56d14038ab09956264c.mp3],Adjective,このコートはとても暖かい。,この こーと は とても あたたかい。,This coat is really warm.,[sound:3736431a661c6f14836a31d1804d271a.mp3],"<img src=""578f204d1194fda4ebdf67609fb671f7.jpg"" />",暖[あたた]かい,このコートはとても 暖[あたた]かい。,このコートはとても（　）。
149,120,217,155,154,98,JLPT3,見つける,みつける,find,[sound:8ca0a47551222a1541ac1597e3fe4105.mp3],Verb,新しい仕事を見つけました。,あたらしい しごと を みつけました。,I found a new job.,[sound:b25d1374d8e5c5346807f4f8c81b1c31.mp3],"<img src=""3ce3db80d37d4902cdafa8ecde0667f8.jpg"" />",見[み]つける,新[あたら]しい 仕事[しごと]を 見[み]つけました。,新[あたら]しい 仕事[しごと]を（　）。
230,0,217,214,223,99,JLPT4,テーブル,テーブル,table,[sound:7b5d12ef1806ce64c906a9b89ea81c4d.mp3],Noun,新しいテーブルを買いました。,あたらしい てーぶる を かいました,I bought a new table.,[sound:cda4aa54753da021284f5afed1549ed1.mp3],"<img src=""fc229e6683f1b45b20a2ce02f74745c5.jpg"" />",テーブル,新[あたら]しいテーブルを 買[か]いました。,新[あたら]しい（　）を 買[か]いました。
